,ticker,list_date,market_cap,mkt_cap_low,mkt_cap_high,lower_offer_pr,upper_offer_pr,final_offer_price,over_sub_ratio,allot_odds,firstday_return
0,06618.HK,2020/12/08,1963.81-2207.09,1963.81,1963.81,62.8,70.58,70.58,420.9,0.4,0.0
1,02110.HK,2020/12/07,5.00-6.00,5.0,5.0,0.225,0.27,0.225,35.8,0.2,-0.14667
2,06666.HK,2020/12/02,918.92-1054.05,918.92,918.92,8.5,9.75,8.8,9.7,0.5,-0.00227
3,06996.HK,2020/11/20,105.58-120.81,105.58,105.58,15.8,18.08,18.08,263.8,0.2,0.011059999999999999
4,01516.HK,2020/11/19,316.50-379.50,316.5,316.5,10.55,12.65,11.6,9.4,0.3,0.21897
5,01795.HK,2020/11/18,5.04-6.48,5.04,5.04,0.84,1.08,0.84,17.3,0.25,-0.011899999999999999
8,09666.HK,2020/11/17,55.56-63.27,55.56,55.56,41.8,47.6,44.7,10.2,0.5,0.0
9,01351.HK,2020/11/11,5.00-5.50,5.0,5.0,1.0,1.1,1.1,30.3,0.45,0.31818
10,09901.HK,2020/11/09,2380.62,2380.62,2380.62,1399.0,1399.0,1190.0,0.6,1.0,0.1471
11,09995.HK,2020/11/09,53.75-55.68,53.75,53.75,50.3,52.1,52.1,52.4,0.9,0.33973
13,02126.HK,2020/11/03,75.24-89.53,75.24,75.24,20.0,23.8,23.8,448.4,0.05,-0.07563
14,09698.HK,2020/11/02,1265.21,1265.21,1265.21,86.0,86.0,80.88,5.4,0.8,0.0
15,00873.HK,2020/10/30,348.24-404.71,348.24,348.24,14.8,17.2,16.6,12.9,0.5,0.0
16,03913.HK,2020/10/30,141.25-164.05,141.25,141.25,7.0,8.13,7.89,43.5,0.6,-0.22940000000000002
17,09993.HK,2020/10/29,140.00-180.00,140.0,140.0,3.5,4.5,4.3,0.7,1.0,0.01395
18,02096.HK,2020/10/27,315.29-356.98,315.29,315.29,12.1,13.7,13.7,588.5,0.05,-0.19854
19,02169.HK,2020/10/23,8.50-11.00,8.5,8.5,0.85,1.1,0.95,11.0,0.065,0.052629999999999996
20,02107.HK,2020/10/22,18.60-24.60,18.6,18.6,1.86,2.46,2.4,65.7,0.1,-0.26666999999999996
21,01597.HK,2020/10/20,5.00-6.50,5.0,5.0,2.0,2.6,2.0,76.2,0.15,0.035
22,02132.HK,2020/10/20,5.20-5.44,5.2,5.2,0.325,0.34,0.325,58.1,0.1,-0.15385
23,06989.HK,2020/10/19,111.60-128.16,111.6,111.6,9.3,10.68,10.68,651.1,0.1,0.029960000000000004
24,08657.HK,2020/10/16,6.20-7.80,6.2,6.2,1.55,1.95,1.4,12.2,0.15,-0.22857
25,02115.HK,2020/10/15,5.04-5.60,5.04,5.04,0.36,0.4,0.36,12.5,0.1,2.13889
26,02130.HK,2020/10/15,6.13-7.13,6.13,6.13,2.45,2.85,2.66,33.3,0.2,0.018799999999999997
28,01952.HK,2020/10/09,146.61-161.27,146.61,146.61,50.0,55.0,55.0,653.4,0.02,0.32273
29,06998.HK,2020/10/07,99.68-117.85,99.68,99.68,20.3,24.0,24.0,0.0,0.03,0.16457999999999998
31,01429.HK,2020/09/29,5.60-7.04,5.6,5.6,0.35,0.44,0.35,25.8,0.125,1.8571400000000002
32,02057.HK,2020/09/29,2292.21,2292.21,2292.21,268.0,268.0,218.0,5.7,0.7,0.09173999999999999
33,09616.HK,2020/09/29,34.53-41.47,34.53,34.53,5.18,6.22,6.22,299.1,0.1,0.0
34,09991.HK,2020/09/29,251.92,251.92,251.92,103.9,103.9,82.9,2.6,0.7,0.013269999999999999
35,09688.HK,2020/09/28,570.40,570.4,570.4,648.0,648.0,562.0,2.4,0.5,0.08541
36,00909.HK,2020/09/25,280.65-308.72,280.65,280.65,15.0,16.5,16.5,643.3,0.1,0.8606100000000001
37,06988.HK,2020/09/23,46.54-69.82,46.54,46.54,2.14,3.21,2.88,0.0,0.1,-0.0625
38,01179.HK,2020/09/22,1168.21,1168.21,1168.21,368.0,368.0,297.0,2.4,1.0,0.047139999999999994
39,02101.HK,2020/09/18,27.60-35.60,27.6,27.6,6.9,8.9,8.9,0.0,0.02,0.03146
40,01455.HK,2020/09/15,5.00-7.50,5.0,5.0,0.4,0.6,0.4,6.7,0.3,2.3
41,01408.HK,2020/09/11,5.00-6.00,5.0,5.0,1.0,1.2,1.0,8.0,0.301,1.86
42,09987.HK,2020/09/10,1961.42,1961.42,1961.42,468.0,468.0,412.0,51.3,0.25,-0.052910000000000006
43,09633.HK,2020/09/08,970.40-1069.93,970.4,970.4,19.5,21.5,21.5,0.0,0.12,0.5395300000000001
44,09913.HK,2020/08/14,5.20-6.40,5.2,5.2,0.52,0.64,0.52,18.2,0.8,-0.18269000000000002
45,03347.HK,2020/08/07,94.22-107.07,94.22,94.22,88.0,100.0,100.0,413.4,0.05,0.133
46,01449.HK,2020/08/06,14.00-17.33,14.0,14.0,2.1,2.6,2.1,26.9,0.2,-0.11904999999999999
47,00368.HK,2020/07/17,5.04-5.52,5.04,5.04,0.63,0.69,0.63,9.7,0.1,0.11110999999999999
49,09908.HK,2020/07/16,12.41-16.54,12.41,12.41,9.0,12.0,10.0,5.7,0.18,0.10400000000000001
50,09977.HK,2020/07/16,46.62-71.40,46.62,46.62,3.33,5.1,3.33,1.1,0.85,0.009009999999999999
51,01156.HK,2020/07/15,5.40-7.05,5.4,5.4,0.98,1.28,0.98,8.4,0.085,-0.28570999999999996
52,01981.HK,2020/07/15,47.48-51.46,47.48,47.48,2.86,3.1,3.1,33.6,0.5,0.5871
53,06933.HK,2020/07/15,6.52-7.48,6.52,6.52,1.63,1.87,1.63,4.6,0.25,0.04294
55,09986.HK,2020/07/15,10.00-14.00,10.0,10.0,1.25,1.75,1.25,3.1,0.5,-0.10400000000000001
56,09990.HK,2020/07/15,79.92-94.60,79.92,79.92,9.8,11.6,11.6,122.0,0.2,0.75
57,08659.HK,2020/07/13,2.40-3.60,2.4,2.4,0.4,0.6,0.4,10.3,0.13,0.9
58,09906.HK,2020/07/13,10.80-13.80,10.8,10.8,1.8,2.3,2.1,14.0,0.1,0.15238
59,01163.HK,2020/07/10,5.23-6.23,5.23,5.23,0.84,1.0,0.86,5.2,0.45,0.24419000000000002
60,01477.HK,2020/07/10,77.79-86.66,77.79,77.79,13.16,14.66,14.66,0.0,0.05,1.52387
61,06958.HK,2020/07/10,36.00-47.00,36.0,36.0,3.6,4.7,4.55,101.0,0.4,0.23076999999999998
62,06969.HK,2020/07/10,559.65-722.88,559.65,559.65,9.6,12.4,12.4,115.0,0.2,1.5
63,06978.HK,2020/07/10,54.03-56.60,54.03,54.03,10.5,11.0,11.0,258.6,0.2,0.40726999999999997
64,08623.HK,2020/07/10,2.00-3.20,2.0,2.0,0.25,0.4,0.3,28.1,0.6,-0.27666999999999997
65,09979.HK,2020/07/10,43.08-58.74,43.08,43.08,2.2,3.0,2.5,10.2,0.4,0.3
66,01957.HK,2020/07/08,5.02-5.53,5.02,5.02,0.8,0.88,0.8,22.5,0.65,-0.56875
67,09989.HK,2020/07/08,40.50-45.34,40.5,40.5,18.4,20.6,18.4,68.2,0.4,-0.040220000000000006
68,01971.HK,2020/07/07,13.70-17.85,13.7,13.7,3.3,4.3,4.15,110.8,0.3,0.06024
69,01502.HK,2020/07/06,6.44-6.80,6.44,6.44,7.16,7.56,7.36,145.2,0.2,0.28533000000000003
70,01650.HK,2020/07/03,5.00-6.00,5.0,5.0,0.25,0.3,0.25,18.9,0.2,-0.46399999999999997
71,06078.HK,2020/06/29,102.00-111.00,102.0,102.0,17.0,18.5,18.5,607.6,0.08800000000000001,0.40541
72,09997.HK,2020/06/29,154.77-173.81,154.77,154.77,12.36,13.88,13.88,988.2,0.09,0.9884700000000001
73,09958.HK,2020/06/22,7.68-11.52,7.68,7.68,2.56,3.84,2.56,10.7,0.2,-0.37890999999999997
74,09618.HK,2020/06/18,7293.28,7293.28,7293.28,236.0,236.0,226.0,177.9,0.1,0.0354
76,09999.HK,2020/06/11,4321.04,4321.04,4321.04,126.0,126.0,123.0,359.5,0.08,0.056909999999999995
77,01645.HK,2020/06/03,5.01-6.96,5.01,5.01,1.08,1.5,1.38,167.3,0.08,-0.13043
78,02381.HK,2020/06/02,5.00,5.0,5.0,0.25,0.25,0.25,36.3,0.331,-0.436
79,09923.HK,2020/06/01,52.43-69.02,52.43,52.43,12.64,16.64,16.64,640.4,0.1,0.0613
81,09939.HK,2020/05/22,65.75-74.43,65.75,65.75,17.8,20.15,20.15,550.3,0.1,0.067
82,08496.HK,2020/05/18,2.16-2.64,2.16,2.16,0.9,1.1,0.9,15.4,0.12300000000000001,1.28889
83,09983.HK,2020/05/15,67.20-86.40,67.2,67.2,5.6,7.2,6.85,141.5,0.25,0.22190000000000001
84,09996.HK,2020/05/15,93.70,93.7,93.7,15.36,15.36,15.36,0.0,0.085,0.6796899999999999
85,01147.HK,2020/05/13,5.00,5.0,5.0,0.25,0.25,0.25,114.6,0.3,-0.348
86,01936.HK,2020/05/13,5.00-6.00,5.0,5.0,1.0,1.2,1.0,4.3,0.3,1.76
87,01376.HK,2020/05/07,5.00-6.50,5.0,5.0,0.5,0.65,0.5,13.2,0.1,0.26
88,01953.HK,2020/04/28,5.04-5.80,5.04,5.04,0.4,0.46,0.4,14.9,0.25,0.1875
89,09926.HK,2020/04/24,113.55-123.47,113.55,113.55,14.88,16.18,16.18,638.2,0.12,0.50185
90,08616.HK,2020/04/23,2.40-2.80,2.4,2.4,0.24,0.28,0.24,33.7,0.2,1.125
92,08620.HK,2020/04/20,2.02-2.78,2.02,2.02,0.42,0.58,0.5,195.2,0.1,-0.36
93,01942.HK,2020/04/15,5.00-6.00,5.0,5.0,1.0,1.2,1.0,39.0,0.35,-0.5
94,03390.HK,2020/04/15,11.84-12.16,11.84,11.84,1.48,1.52,1.49,5.8,0.251,-0.3557
95,06063.HK,2020/04/15,5.00-5.80,5.0,5.0,0.25,0.29,0.25,13.2,0.2,1.76
96,01463.HK,2020/03/27,5.04-5.84,5.04,5.04,0.63,0.73,0.63,10.2,0.13,0.36508
97,09969.HK,2020/03/23,102.38-112.02,102.38,102.38,8.18,8.95,8.95,297.8,0.25,0.09609
99,00589.HK,2020/03/18,8.44-10.31,8.44,8.44,1.35,1.65,1.65,58.0,0.6,0.14545
101,06918.HK,2020/03/18,6.08-7.64,6.08,6.08,1.17,1.47,1.38,19.4,0.5,-0.34783000000000003
102,01472.HK,2020/03/17,5.00-6.30,5.0,5.0,0.5,0.63,0.5,1.5,0.758,1.48
103,01961.HK,2020/03/17,8.19-9.83,8.19,8.19,1.5,1.8,1.35,22.1,0.6,0.03704
105,01941.HK,2020/03/13,5.28-6.32,5.28,5.28,1.32,1.58,1.56,0.0,0.03,0.10255999999999998
106,01343.HK,2020/03/12,5.11-6.38,5.11,5.11,0.48,0.6,0.48,3.8,0.3,0.64583
107,01433.HK,2020/03/12,5.00-5.80,5.0,5.0,0.25,0.29,0.25,73.7,0.7,-0.4
108,01950.HK,2020/03/12,5.00-6.00,5.0,5.0,0.5,0.6,0.52,11.5,0.3,-0.01923
109,09936.HK,2020/03/12,6.69-8.67,6.69,6.69,2.23,2.89,2.23,14.7,0.35,-0.08968999999999999
110,09916.HK,2020/03/09,6.00-8.00,6.0,6.0,1.5,2.0,1.99,0.0,0.03,0.020099999999999996
111,02263.HK,2020/02/19,5.00-6.00,5.0,5.0,0.5,0.6,0.5,129.4,0.2,-0.2
113,01442.HK,2020/01/21,5.60-6.80,5.6,5.6,0.28,0.34,0.31,9.5,0.1,0.09677
114,01601.HK,2020/01/21,5.07-5.73,5.07,5.07,1.52,1.72,1.52,4.8,1.0,0.0
115,09933.HK,2020/01/21,5.10-6.50,5.1,5.1,0.51,0.65,0.51,20.7,0.4,-0.31373
116,01745.HK,2020/01/17,21.15-29.90,21.15,21.15,1.5,2.12,2.12,83.7,0.2,-0.10377
117,01937.HK,2020/01/17,5.30-6.00,5.3,5.3,0.53,0.6,0.53,6.6,0.5,-0.36792
118,09938.HK,2020/01/17,5.00-5.40,5.0,5.0,0.5,0.54,0.5,15.7,0.25,0.6
119,00301.HK,2020/01/16,5.13-5.99,5.13,5.13,1.2,1.4,1.3,36.8,0.3,-0.20769
120,01412.HK,2020/01/16,5.59-7.71,5.59,5.59,1.05,1.45,1.18,5.8,0.493,-0.0678
121,01525.HK,2020/01/16,24.20-30.92,24.2,24.2,6.05,7.73,6.05,3.5,0.4,0.12562
122,01740.HK,2020/01/16,5.00-7.40,5.0,5.0,0.5,0.74,0.5,0.0,0.015,0.4
123,01925.HK,2020/01/16,5.12-6.40,5.12,5.12,1.28,1.6,1.28,16.7,0.6,-0.25
124,09919.HK,2020/01/16,13.68-18.72,13.68,13.68,1.71,2.34,2.02,112.8,0.2,-0.22276999999999997
126,01416.HK,2020/01/15,5.04-5.32,5.04,5.04,0.36,0.38,0.36,17.2,0.182,-0.29167
127,03718.HK,2020/01/15,24.84-28.80,24.84,24.84,0.69,0.8,0.69,1.7,0.8,0.0
128,09922.HK,2020/01/15,73.34-88.00,73.34,73.34,5.5,6.6,6.6,636.8,0.25,0.5636399999999999
129,01802.HK,2020/01/14,6.30-8.14,6.3,6.3,1.06,1.37,1.06,11.6,0.25,0.028300000000000002
130,08500.HK,2020/01/14,2.48-3.56,2.48,2.48,1.38,1.98,1.39,14.1,0.19899999999999998,-0.28776999999999997
131,02528.HK,2020/01/13,6.80-8.40,6.8,6.8,1.7,2.1,2.0,16.7,0.14,-0.27
132,08646.HK,2020/01/13,2.31-2.67,2.31,2.31,0.77,0.89,0.77,26.9,0.105,0.02597
133,09918.HK,2020/01/10,5.00-6.20,5.0,5.0,0.25,0.31,0.25,34.2,0.4,-0.004
134,09998.HK,2020/01/08,5.20-6.00,5.2,5.2,0.65,0.75,0.65,47.7,0.053,-0.07692
135,01542.HK,2019/12/31,2.11-2.51,2.11,2.11,4.21,5.01,4.22,4.5,0.2,0.0
136,09911.HK,2019/12/31,14.00-18.00,14.0,14.0,1.4,1.8,1.68,0.0,0.02,0.9345200000000001
139,09909.HK,2019/12/30,46.69-62.25,46.69,46.69,7.5,10.0,9.5,52.2,0.9,0.058949999999999995
143,06049.HK,2019/12/19,47.07-53.82,47.07,47.07,30.7,35.1,35.1,221.7,1.0,0.29202
144,09928.HK,2019/12/19,38.44-52.70,38.44,38.44,4.23,5.8,5.15,9.6,0.35,-0.05243
146,01553.HK,2019/12/18,8.07-10.41,8.07,8.07,1.86,2.4,2.28,7.3,0.2,-0.05702000000000001
147,01691.HK,2019/12/18,173.27,173.27,173.27,5.2,5.2,5.2,1.7,1.0,0.05577000000000001
148,06193.HK,2019/12/18,5.20-5.60,5.2,5.2,1.3,1.4,1.3,41.0,0.15,0.13845999999999997
150,01593.HK,2019/12/13,22.00-35.20,22.0,22.0,2.2,3.52,2.2,0.7,1.0,-0.06364
151,03680.HK,2019/12/13,6.00-7.20,6.0,6.0,1.5,1.8,1.5,14.2,0.6,0.08
153,08216.HK,2019/12/13,2.40-2.80,2.4,2.4,0.6,0.7,0.6,23.4,0.3,-0.275
154,02400.HK,2019/12/12,47.51-67.63,47.51,47.51,11.1,15.8,11.1,10.2,0.4,0.06847
156,09966.HK,2019/12/12,84.08-94.24,84.08,84.08,9.1,10.2,10.2,191.1,0.4,0.32353000000000004
157,01503.HK,2019/12/10,38.57-45.11,38.57,38.57,3.42,4.0,3.42,0.4,1.0,-0.07894999999999999
158,02500.HK,2019/12/10,49.57-56.41,49.57,49.57,29.0,33.0,33.0,311.4,0.3,0.30455
159,08645.HK,2019/12/09,2.04-2.40,2.04,2.04,0.34,0.4,0.4,147.6,0.2,-0.3
160,02231.HK,2019/12/05,46.56-58.08,46.56,46.56,2.91,3.63,3.16,0.9,1.0,0.02215
161,08208.HK,2019/11/29,2.28-2.88,2.28,2.28,0.38,0.48,0.4,29.3,0.28,0.0
162,01425.HK,2019/11/28,5.00-6.25,5.0,5.0,0.4,0.5,0.4,13.0,0.21,0.0375
163,03759.HK,2019/11/28,46.24-52.94,46.24,46.24,34.5,39.5,39.5,113.2,1.0,0.06962
164,09988.HK,2019/11/26,40348.15,40348.15,40348.15,188.0,188.0,176.0,41.4,0.8,0.06591
165,01756.HK,2019/11/25,35.16-39.12,35.16,35.16,2.93,3.26,3.26,2.7,0.7,-0.17178000000000002
166,02296.HK,2019/11/21,5.00-6.00,5.0,5.0,0.25,0.3,0.25,60.0,0.25,0.04
169,03348.HK,2019/11/15,5.25-7.90,5.25,5.25,1.05,1.58,1.58,26.7,0.5,-0.21519000000000002
170,08617.HK,2019/11/15,2.00-2.40,2.0,2.0,0.5,0.6,0.55,61.7,0.3,0.01818
171,01747.HK,2019/11/14,5.10-7.45,5.1,5.1,1.02,1.49,1.02,15.1,0.4,-0.09804
173,08627.HK,2019/11/14,2.00-2.64,2.0,2.0,0.25,0.33,0.275,35.1,0.3,0.01818
174,01346.HK,2019/11/13,5.44-6.72,5.44,5.44,0.85,1.05,0.85,30.2,0.4,-0.27059
175,01401.HK,2019/11/13,5.00-6.00,5.0,5.0,0.5,0.6,0.5,73.0,0.05,0.24
176,06186.HK,2019/11/13,670.00-893.33,670.0,670.0,7.5,10.0,7.5,12.1,0.65,-0.008
178,01640.HK,2019/11/12,5.00-7.00,5.0,5.0,1.25,1.75,1.25,18.5,0.65,-0.008
179,03681.HK,2019/11/12,76.47-96.60,76.47,76.47,7.6,9.6,7.6,11.9,1.0,-0.21053
181,01501.HK,2019/11/08,8.04-8.32,8.04,8.04,20.1,20.8,20.8,267.0,0.3,0.29808
182,01870.HK,2019/11/08,5.04-6.81,5.04,5.04,0.97,1.31,0.97,19.1,0.25,0.46391999999999994
183,01875.HK,2019/11/08,37.34-43.04,37.34,37.34,6.55,7.55,6.55,12.0,0.15,-0.04427
184,01921.HK,2019/11/08,23.85-27.45,23.85,23.85,1.59,1.83,1.59,1.5,0.6,-0.037739999999999996
185,01987.HK,2019/11/08,5.00-7.00,5.0,5.0,0.5,0.7,0.5,25.4,0.35,0.0
186,03603.HK,2019/11/08,13.50-16.50,13.5,13.5,0.9,1.1,1.0,3.6,0.8,0.3
187,01922.HK,2019/11/06,5.07-6.08,5.07,5.07,1.9,2.28,2.18,381.9,0.03,0.15596
188,02163.HK,2019/11/06,11.80-15.21,11.8,11.8,9.68,12.48,9.68,0.4,1.0,-0.00103
189,01821.HK,2019/11/01,491.93-528.37,491.93,491.93,16.2,17.4,16.8,2.2,1.0,0.05357
190,00302.HK,2019/10/31,51.03-65.94,51.03,51.03,2.19,2.83,2.83,542.8,0.15,0.0212
191,01847.HK,2019/10/31,3.70-4.70,3.7,3.7,2.76,3.51,3.36,17.5,0.7,-0.20833000000000002
192,06855.HK,2019/10/28,66.68-70.82,66.68,66.68,32.2,34.2,34.2,751.0,0.09,0.09942000000000001
193,01692.HK,2019/10/25,5.20-6.00,5.2,5.2,1.3,1.5,1.3,273.5,0.1,-0.33846
194,01853.HK,2019/10/24,2.22-2.92,2.22,2.22,1.9,2.5,2.35,97.3,0.2,-0.06383
195,01871.HK,2019/10/24,5.12-5.68,5.12,5.12,1.28,1.42,1.28,379.2,0.016,-0.32031
197,01843.HK,2019/10/23,5.20-6.00,5.2,5.2,0.65,0.75,0.65,12.7,0.195,-0.06154
198,08441.HK,2019/10/22,2.56-3.12,2.56,2.56,0.32,0.39,0.32,40.6,0.3,0.78125
199,01283.HK,2019/10/18,5.00-6.00,5.0,5.0,0.625,0.75,0.73,80.6,0.1,0.0137
200,01959.HK,2019/10/18,5.05-6.15,5.05,5.05,1.01,1.23,1.08,21.2,0.4,-0.28704
201,01967.HK,2019/10/18,5.00-6.25,5.0,5.0,2.0,2.5,2.0,11.9,0.15,0.7
202,02606.HK,2019/10/18,52.53-66.95,52.53,52.53,30.6,39.0,37.0,51.9,1.0,0.15
203,01084.HK,2019/10/17,9.28-13.92,9.28,9.28,1.16,1.74,1.16,0.6,1.0,0.16379000000000002
204,01582.HK,2019/10/16,5.00-7.00,5.0,5.0,1.0,1.4,1.0,8.9,0.2,0.15
205,01955.HK,2019/10/16,5.00-6.00,5.0,5.0,1.0,1.2,1.0,49.0,0.5,0.23
206,01846.HK,2019/10/15,19.67-27.93,19.67,19.67,6.2,8.8,7.5,41.7,0.3,0.46667000000000003
207,01895.HK,2019/10/11,10.40-15.00,10.4,10.4,2.08,3.0,2.08,5.0,0.2,0.41827
208,08418.HK,2019/10/11,1.70-2.21,1.7,1.7,0.2,0.26,0.24,27.2,0.4,0.9375
209,03601.HK,2019/10/10,5.98-7.80,5.98,5.98,2.3,3.0,2.7,276.4,0.2,2.18519
210,06110.HK,2019/10/10,514.70-626.32,514.7,514.7,8.3,10.1,8.5,1.4,1.0,0.08824
211,06820.HK,2019/10/08,33.44-43.12,33.44,33.44,1.52,1.96,1.52,7.0,0.5,0.0
212,01876.HK,2019/09/30,3575.72-3973.02,3575.72,3575.72,27.0,30.0,27.0,2.6,1.0,0.04444
213,01960.HK,2019/09/30,5.00-6.00,5.0,5.0,0.5,0.6,0.5,8.6,0.1,0.6
214,03938.HK,2019/09/30,5.20-6.80,5.2,5.2,1.3,1.7,1.68,27.4,0.251,-0.36310000000000003
215,08668.HK,2019/09/26,2.40-2.88,2.4,2.4,0.2,0.24,0.24,53.9,0.3,0.00417
216,02696.HK,2019/09/25,78.89-91.94,78.89,78.89,49.6,57.8,49.6,2.9,1.0,-0.00302
217,03928.HK,2019/09/19,5.04-5.52,5.04,5.04,1.05,1.15,1.07,6.2,0.35,0.14019
223,00382.HK,2019/07/16,24.80-32.20,24.8,24.8,2.48,3.22,2.85,1.4,1.0,0.007020000000000001
224,01134.HK,2019/07/16,5.00-6.00,5.0,5.0,1.0,1.2,1.0,28.7,0.15,0.06
225,01912.HK,2019/07/16,5.04-5.44,5.04,5.04,0.63,0.68,0.65,38.9,0.25,0.06154
226,01949.HK,2019/07/16,5.00-6.20,5.0,5.0,1.25,1.55,1.25,12.7,0.14,0.24
227,02772.HK,2019/07/16,183.56-235.80,183.56,183.56,5.2,6.68,5.55,0.0,1.0,0.07207000000000001
228,06805.HK,2019/07/16,12.10-16.13,12.1,12.1,1.08,1.44,1.33,1.0,0.9,-0.022559999999999997
229,01931.HK,2019/07/12,40.94-49.07,40.94,40.94,3.07,3.68,3.07,1.2,0.5,0.0
231,06093.HK,2019/07/12,5.12-6.24,5.12,5.12,1.28,1.56,1.28,4.3,0.2,0.34375
232,08612.HK,2019/07/12,2.40-3.30,2.4,2.4,0.4,0.55,0.55,27.2,0.35,0.41818000000000005
233,01839.HK,2019/07/11,35.98-45.56,35.98,35.98,6.38,8.08,6.38,1.7,1.0,-0.03762
234,02180.HK,2019/07/10,19.80-25.20,19.8,19.8,9.9,12.6,9.9,3.7,0.85,-0.0101
235,00924.HK,2019/07/05,5.00-6.00,5.0,5.0,0.5,0.6,0.5,12.4,0.068,1.32
236,03798.HK,2019/07/04,16.96-23.24,16.96,16.96,1.35,1.85,1.35,1.8,0.6,0.26666999999999996
237,01286.HK,2019/06/28,52.73-62.15,52.73,52.73,2.8,3.3,3.0,1.7,1.0,0.0033299999999999996
238,01701.HK,2019/06/28,5.20-6.80,5.2,5.2,0.52,0.68,0.52,5.2,0.6,-0.41346000000000005
240,01901.HK,2019/06/28,5.00-5.50,5.0,5.0,1.0,1.1,1.05,18.1,0.5,-0.06667000000000001
241,01930.HK,2019/06/28,5.28-5.81,5.28,5.28,0.8,0.88,0.88,5.0,0.4,0.34091
242,01943.HK,2019/06/28,5.00-5.40,5.0,5.0,0.5,0.54,0.5,2.2,1.0,-0.07
244,01849.HK,2019/06/26,5.20-5.60,5.2,5.2,0.65,0.7,0.65,8.0,0.25,-0.24614999999999998
245,01951.HK,2019/06/25,188.91-207.90,188.91,188.91,7.76,8.54,8.54,98.3,0.65,0.08664999999999999
246,01769.HK,2019/06/21,20.23-26.01,20.23,20.23,3.64,4.68,3.68,0.6,1.0,0.00272
251,03692.HK,2019/06/14,745.19-813.66,745.19,745.19,13.06,14.26,14.26,10.8,0.6,0.36746
252,02189.HK,2019/06/13,6.00-6.40,6.0,6.0,0.6,0.64,0.6,79.4,0.2,-0.06667000000000001
253,06811.HK,2019/06/13,28.00-38.00,28.0,28.0,2.8,3.8,3.0,14.5,0.8,-0.12
255,06055.HK,2019/06/12,26.84-33.75,26.84,26.84,3.88,4.88,4.88,101.0,0.6,0.09631
257,02181.HK,2019/05/31,61.86-80.42,61.86,61.86,1.5,1.95,1.5,0.5,1.0,-0.19332999999999997
258,01521.HK,2019/05/30,51.19-64.24,51.19,51.19,2.55,3.2,3.2,90.7,0.5,0.04688
260,03868.HK,2019/05/28,125.26-155.74,125.26,125.26,1.89,2.35,1.94,0.1,1.0,0.0
262,02230.HK,2019/05/21,8.96-10.56,8.96,8.96,0.45,0.53,0.45,14.8,0.6,-0.31111
263,01832.HK,2019/05/16,12.74-16.13,12.74,12.74,3.54,4.48,3.54,0.2,1.0,-0.0226
264,02346.HK,2019/05/16,5.00-6.10,5.0,5.0,1.0,1.22,1.0,10.4,0.5,0.11
265,01903.HK,2019/05/10,5.90-6.90,5.9,5.9,1.18,1.38,1.18,0.2,1.0,0.04237
267,01873.HK,2019/05/09,51.30-66.15,51.3,51.3,3.42,4.41,4.41,105.9,1.0,0.00227
268,01857.HK,2019/05/08,83.12-120.93,83.12,83.12,2.99,4.35,2.99,1.4,1.0,-0.11370999999999999
269,01753.HK,2019/05/07,66.67-90.00,66.67,66.67,6.0,8.1,6.0,6.7,1.0,0.0016699999999999998
270,08635.HK,2019/05/02,2.12-2.68,2.12,2.12,0.53,0.67,0.53,100.3,0.15,0.37736
271,01780.HK,2019/04/30,5.21-6.57,5.21,5.21,0.84,1.06,0.84,10.3,0.3,0.05952000000000001
272,01906.HK,2019/04/26,5.52-7.20,5.52,5.52,0.46,0.6,0.58,94.9,0.5,0.0
273,06806.HK,2019/04/26,90.90-98.41,90.9,90.9,3.63,3.93,3.63,2.8,1.0,-0.11845999999999998
274,01545.HK,2019/04/25,6.00-7.80,6.0,6.0,0.3,0.39,0.3,54.9,0.5,-0.1
275,03321.HK,2019/04/23,7.00-9.00,7.0,7.0,1.4,1.8,1.4,6.9,0.16,-0.0071400000000000005
276,02660.HK,2019/04/16,11.20-13.20,11.2,11.2,1.12,1.32,1.23,46.5,0.5,0.30894
278,01797.HK,2019/03/28,85.00-101.45,85.0,85.0,9.3,11.1,10.2,8.2,1.0,0.0
279,06185.HK,2019/03/28,27.86-29.19,27.86,27.86,21.0,22.0,22.0,89.8,1.0,0.57727
280,01865.HK,2019/03/27,5.06-5.98,5.06,5.06,0.55,0.65,0.55,26.0,0.5,0.2
282,08537.HK,2019/03/27,2.25-2.55,2.25,2.25,0.3,0.34,0.3,102.7,0.14,0.35
286,03662.HK,2019/03/18,24.36-30.10,24.36,24.36,3.48,4.3,3.66,5.2,1.0,0.21585000000000001
287,01563.HK,2019/03/15,12.60-25.05,12.6,12.6,0.84,1.67,0.85,0.1,1.0,-0.023530000000000002
288,01891.HK,2019/03/15,5.00-6.20,5.0,5.0,0.5,0.62,0.5,205.6,0.5,-0.26
289,01907.HK,2019/03/15,110.40-127.20,110.4,110.4,2.76,3.18,2.8,0.2,1.0,0.0
290,03316.HK,2019/03/15,14.40-18.67,14.4,14.4,5.4,7.0,6.96,6.1,1.0,0.05172000000000001
291,08096.HK,2019/03/15,2.00-3.50,2.0,2.0,0.4,0.7,0.7,145.2,0.5,-0.32143
292,01917.HK,2019/03/14,9.20-11.50,9.2,9.2,0.4,0.5,0.41,440.7,0.2,0.53659
293,01158.HK,2019/03/11,9.36-14.04,9.36,9.36,13.37,20.05,16.5,0.5,1.0,0.02303
296,02108.HK,2019/03/06,5.20-6.00,5.2,5.2,0.65,0.75,0.75,15.4,0.45,-0.10667
297,01025.HK,2019/02/28,5.10-6.55,5.1,5.1,0.98,1.26,0.98,18.3,0.486,0.08163000000000001
298,01872.HK,2019/02/28,3.87-4.23,3.87,3.87,0.43,0.47,0.43,71.5,0.5,0.46512
299,01793.HK,2019/02/27,5.00-6.00,5.0,5.0,0.625,0.75,0.625,15.2,0.15,0.04
301,02616.HK,2019/02/26,109.23-125.96,109.23,109.23,11.1,12.8,12.0,6.2,1.0,0.07167000000000001
302,08607.HK,2019/02/26,3.20-6.40,3.2,3.2,0.4,0.8,0.4,9.3,0.15,0.1
303,08036.HK,2019/02/19,3.44-5.41,3.44,3.44,0.28,0.44,0.28,120.0,0.3,0.0
305,01703.HK,2019/02/15,5.00-7.50,5.0,5.0,0.5,0.75,0.5,16.7,0.502,0.22
307,01896.HK,2019/02/04,166.68-229.75,166.68,166.68,14.8,20.4,14.8,1.3,1.0,-0.011000000000000001
308,01890.HK,2019/01/25,41.60-54.00,41.6,41.6,2.08,2.7,2.48,0.6,1.0,0.0121
309,01851.HK,2019/01/18,6.20-9.90,6.2,6.2,1.24,1.98,1.44,1.6,0.5,-0.0625
312,06162.HK,2019/01/15,5.00-6.20,5.0,5.0,0.25,0.31,0.25,6.2,0.25,-0.008
313,01767.HK,2019/01/14,5.00-5.50,5.0,5.0,0.5,0.55,0.5,15.9,0.15,0.26
315,02360.HK,2019/01/11,10.00-12.00,10.0,10.0,1.0,1.2,1.0,9.9,0.3,0.17
316,02885.HK,2019/01/11,5.00-6.20,5.0,5.0,1.25,1.55,1.25,5.1,0.501,-0.256
317,08631.HK,2019/01/08,2.00-2.80,2.0,2.0,0.5,0.7,0.6,42.4,0.18,-0.175
318,01743.HK,2019/01/04,2.34-3.27,2.34,2.34,13.5,18.9,15.8,2.3,0.7,-0.09747
319,01845.HK,2019/01/03,11.73-13.33,11.73,11.73,0.88,1.0,0.88,1.4,0.7,0.02273
321,01796.HK,2018/12/31,5.04-6.00,5.04,5.04,1.05,1.25,1.05,12.0,0.5,-0.06667000000000001
323,01759.HK,2018/12/28,6.05-7.34,6.05,6.05,2.8,3.4,2.8,6.4,0.301,0.01429
324,03978.HK,2018/12/27,18.69-24.64,18.69,18.69,2.2,2.9,2.4,0.8,1.0,0.0
325,01877.HK,2018/12/24,35.42-37.24,35.42,35.42,19.38,20.38,19.38,3.8,1.0,0.22549
326,01762.HK,2018/12/21,45.33-58.82,45.33,45.33,3.56,4.62,3.56,2.3,0.6,-0.1573
327,01820.HK,2018/12/21,11.97-14.31,11.97,11.97,3.98,4.76,3.98,3.0,0.4,0.0
331,01995.HK,2018/12/17,24.00-31.20,24.0,24.0,1.6,2.08,1.78,0.2,1.0,0.0
333,02359.HK,2018/12/13,78.07-87.08,78.07,78.07,64.1,71.5,68.0,0.9,1.0,0.0
334,08622.HK,2018/12/13,1.76-2.56,1.76,1.76,0.44,0.64,0.5,130.5,0.15,-0.06
335,01837.HK,2018/12/12,35.98-46.64,35.98,35.98,1.62,2.1,1.62,0.4,1.0,-0.12345999999999999
336,01860.HK,2018/12/12,59.83-78.24,59.83,59.83,3.9,5.1,4.0,0.8,1.0,-0.0025
337,02798.HK,2018/12/12,9.60-15.36,9.6,9.6,0.6,0.96,0.68,7.5,0.3,0.0
338,08621.HK,2018/12/12,3.12-4.00,3.12,3.12,0.39,0.5,0.39,36.1,0.38,0.41026
339,03992.HK,2018/12/11,5.00-5.50,5.0,5.0,1.0,1.1,1.0,58.4,0.3,-0.16
340,01119.HK,2018/12/06,76.18-99.04,76.18,76.18,6.0,7.8,6.6,11.6,0.35,-0.08636
341,02168.HK,2018/12/06,12.71-15.23,12.71,12.71,9.08,10.88,9.38,19.4,0.7,-0.01493
345,01761.HK,2018/11/27,114.82-148.59,114.82,114.82,6.8,8.8,6.8,0.2,1.0,0.01029
346,00780.HK,2018/11/26,200.35-259.94,200.35,200.35,9.75,12.65,9.8,1.7,1.0,0.26531
347,02258.HK,2018/11/19,9.90-12.88,9.9,9.9,1.2,1.56,1.22,0.7,1.0,0.09016
348,06890.HK,2018/11/19,6.00-7.80,6.0,6.0,1.0,1.3,1.02,23.0,0.601,0.04902
349,01835.HK,2018/11/13,1.92-2.68,1.92,1.92,5.0,7.0,5.0,4.6,1.0,0.042
350,03616.HK,2018/11/12,12.24-16.80,12.24,12.24,1.02,1.4,1.24,0.9,1.0,-0.08871000000000001
351,08259.HK,2018/11/07,2.40-2.88,2.4,2.4,0.5,0.6,0.5,21.5,0.4,0.4
354,01801.HK,2018/10/31,139.77-156.54,139.77,139.77,12.5,14.0,13.98,0.1,1.0,0.18597999999999998
355,01034.HK,2018/10/30,5.12-5.44,5.12,5.12,0.32,0.34,0.32,11.4,0.26,0.4375
356,08611.HK,2018/10/22,2.65-3.43,2.65,2.65,0.68,0.88,0.62,7.2,0.145,0.16129000000000002
357,01653.HK,2018/10/19,3.80-5.00,3.8,3.8,0.19,0.25,0.19,15.6,0.13,0.84211
358,01825.HK,2018/10/19,3.20-3.52,3.2,3.2,0.4,0.44,0.4,17.4,0.3,-0.0375
359,01741.HK,2018/10/16,5.00-5.40,5.0,5.0,0.625,0.675,0.625,4.0,0.4,0.008
360,08613.HK,2018/10/16,2.20-3.00,2.2,2.2,0.22,0.3,0.22,20.7,0.2,0.1
361,08516.HK,2018/10/15,1.92-2.64,1.92,1.92,0.4,0.55,0.4,13.0,0.225,0.875
362,08603.HK,2018/10/15,2.24-3.52,2.24,2.24,0.28,0.44,0.28,12.4,0.2,0.4642899999999999
363,01894.HK,2018/10/12,6.08-6.84,6.08,6.08,0.8,0.9,0.85,11.5,0.25,0.03529
364,08042.HK,2018/10/12,2.40-3.20,2.4,2.4,0.3,0.4,0.3,15.2,0.6,-0.28333
366,01939.HK,2018/10/11,7.50-8.55,7.5,7.5,1.5,1.71,1.5,5.7,0.3,0.04
370,01540.HK,2018/10/08,5.07-5.58,5.07,5.07,1.0,1.1,1.0,9.6,0.25,-0.16
372,01781.HK,2018/10/04,5.40-6.48,5.4,5.4,1.0,1.2,1.1,9.3,0.25,0.15455
374,08017.HK,2018/09/28,3.20-4.00,3.2,3.2,0.64,0.8,0.64,24.9,0.3,-0.27344
375,01723.HK,2018/09/27,4.00-5.20,4.0,4.0,1.0,1.3,1.0,5.5,0.451,1.12
377,01748.HK,2018/09/26,5.16-7.04,5.16,5.16,1.29,1.76,1.5,3.8,0.214,0.006670000000000001
378,06862.HK,2018/09/26,784.40-943.40,784.4,784.4,14.8,17.8,17.8,4.6,0.6,0.00112
379,03690.HK,2018/09/20,3294.75-3953.70,3294.75,3294.75,60.0,72.0,69.0,0.5,1.0,0.0529
380,08619.HK,2018/09/17,1.92-2.69,1.92,1.92,0.2,0.28,0.2,12.6,0.2,2.45
382,02680.HK,2018/09/14,5.20-7.20,5.2,5.2,1.3,1.8,1.8,98.1,0.7,-0.45556
383,01969.HK,2018/09/13,24.96-35.76,24.96,24.96,2.08,2.98,2.08,0.9,1.0,-0.16346
384,08601.HK,2018/09/13,2.40-3.20,2.4,2.4,0.3,0.4,0.4,12.1,0.192,-0.075
385,01615.HK,2018/09/10,3.12-4.68,3.12,3.12,0.52,0.78,0.67,180.5,0.485,-0.059699999999999996
386,08609.HK,2018/09/07,2.00-2.50,2.0,2.0,0.4,0.5,0.5,21.1,0.3,-0.21
388,08482.HK,2018/09/05,2.10-2.94,2.1,2.1,0.25,0.35,0.275,14.2,0.4,-0.09455
389,08210.HK,2018/08/27,2.00-2.40,2.0,2.0,0.25,0.3,0.255,23.0,0.5,0.0
390,01783.HK,2018/08/22,3.60-4.40,3.6,3.6,0.45,0.55,0.55,723.5,0.15,-0.10909
391,01725.HK,2018/08/16,5.10-6.00,5.1,5.1,1.7,2.0,1.75,419.7,0.1,-0.17143
392,08475.HK,2018/08/13,2.00-3.20,2.0,2.0,0.5,0.8,0.72,87.0,0.4,-0.3125
393,00788.HK,2018/08/08,2172.99-2724.86,2172.99,2172.99,1.26,1.58,1.26,0.4,1.0,0.0
394,06160.HK,2018/08/08,724.20-856.15,724.2,724.2,94.4,111.6,108.0,0.7,1.0,-0.00926
395,01765.HK,2018/08/03,101.33-128.00,101.33,101.33,1.52,1.92,1.92,17.4,1.0,-0.026039999999999997
396,01672.HK,2018/08/01,134.48-179.31,134.48,134.48,12.0,16.0,14.0,8.1,0.4,0.0
397,01758.HK,2018/07/31,15.92-18.88,15.92,15.92,1.99,2.36,2.36,236.7,0.8,0.2161
400,08512.HK,2018/07/19,3.08-3.96,3.08,3.08,0.28,0.36,0.295,2.6,0.8009999999999999,0.86441
402,03302.HK,2018/07/18,8.56-10.58,8.56,8.56,1.02,1.26,1.17,3.7,0.85,0.05127999999999999
403,08525.HK,2018/07/18,3.24-3.83,3.24,3.24,1.2,1.42,1.28,5.3,1.0,0.07812000000000001
404,08547.HK,2018/07/18,3.00-4.00,3.0,3.0,0.3,0.4,0.3,2.5,0.5,0.0
405,01715.HK,2018/07/16,4.50-5.40,4.5,4.5,0.3,0.36,0.3,18.6,0.55,0.05
406,01721.HK,2018/07/16,5.20-6.00,5.2,5.2,0.52,0.6,0.53,8.8,0.25,0.15094000000000002
407,01968.HK,2018/07/16,7.04-8.96,7.04,7.04,1.1,1.4,1.12,13.5,0.2,1.5625
408,08540.HK,2018/07/16,2.12-2.88,2.12,2.12,1.06,1.44,1.25,6.5,0.5,0.04
409,08606.HK,2018/07/16,1.84-2.40,1.84,1.84,0.23,0.3,0.3,9.9,0.4,1.33333
410,01731.HK,2018/07/13,9.97-14.00,9.97,9.97,0.89,1.25,0.89,3.3,0.6,0.25843000000000005
411,01775.HK,2018/07/13,4.50-5.50,4.5,4.5,0.9,1.1,1.08,287.7,0.4,0.22221999999999997
414,01760.HK,2018/07/12,29.00-33.30,29.0,29.0,2.9,3.33,2.9,6.7,1.0,0.0
415,01773.HK,2018/07/12,46.90-55.20,46.9,46.9,2.26,2.66,2.66,8.4,1.0,0.19925
417,03700.HK,2018/07/12,77.60-100.78,77.6,77.6,3.85,5.0,3.85,1.7,1.0,0.10649000000000002
419,08140.HK,2018/07/12,2.40-3.20,2.4,2.4,0.3,0.4,0.3,11.6,0.221,0.63333
420,08219.HK,2018/07/12,2.30-2.70,2.3,2.3,0.23,0.27,0.25,13.7,0.3,0.98
421,01652.HK,2018/07/11,16.00-24.00,16.0,16.0,2.0,3.0,2.08,2.6,0.7,0.22114999999999999
422,01746.HK,2018/07/11,5.00-6.00,5.0,5.0,0.5,0.6,0.52,45.4,0.7,-0.30769
424,08502.HK,2018/07/10,3.04-3.36,3.04,3.04,0.38,0.42,0.38,0.0,1.0,0.09211
425,01810.HK,2018/07/09,3838.19-4967.08,3838.19,3838.19,17.0,22.0,17.0,8.5,1.0,-0.01176
426,08223.HK,2018/07/09,2.40-4.00,2.4,2.4,0.6,1.0,0.76,13.6,0.3,1.06579
427,01763.HK,2018/07/06,56.94-77.41,56.94,56.94,17.8,24.2,21.6,34.2,0.8,-0.06944
428,02262.HK,2018/07/05,8.09-11.97,8.09,8.09,0.71,1.05,0.88,124.5,0.6,0.30682
429,01592.HK,2018/07/04,4.80-6.00,4.8,4.8,0.4,0.5,0.4,17.5,0.85,-0.3
430,08305.HK,2018/07/04,2.00-2.40,2.0,2.0,0.25,0.3,0.3,22.7,0.6,-0.18667
431,06100.HK,2018/06/29,141.23-175.92,141.23,141.23,28.5,35.5,33.0,1.2,1.0,-0.015149999999999999
432,01620.HK,2018/06/28,4.02-5.10,4.02,4.02,0.335,0.425,0.36,191.9,0.401,-0.01389
434,01749.HK,2018/06/27,4.38-6.55,4.38,4.38,3.28,4.91,3.78,148.2,0.27,-0.07672000000000001
435,08146.HK,2018/06/27,2.40-3.20,2.4,2.4,0.3,0.4,0.35,127.8,0.7,0.48571000000000003
437,02003.HK,2018/06/21,99.46-114.38,99.46,99.46,20.0,23.0,20.0,8.4,1.0,0.0225
439,01806.HK,2018/06/15,81.35-106.37,81.35,81.35,6.5,8.5,7.5,8.7,0.7,-0.11732999999999999
440,08357.HK,2018/06/15,2.60-3.12,2.6,2.6,0.5,0.6,0.6,149.7,0.033,0.31667
442,08403.HK,2018/06/12,2.40-3.20,2.4,2.4,0.12,0.16,0.145,115.6,0.5,-0.04828
443,01757.HK,2018/06/07,3.60-4.08,3.6,3.6,0.3,0.34,0.34,452.8,0.3,0.058820000000000004
444,01451.HK,2018/06/01,2.40-2.72,2.4,2.4,1.2,1.36,1.34,613.0,0.4,0.029849999999999998
445,06119.HK,2018/06/01,5.04-6.00,5.04,5.04,0.84,1.0,0.85,15.9,0.7,-0.11765
446,08545.HK,2018/05/31,2.50-3.50,2.5,2.5,0.25,0.35,0.35,41.9,0.09,0.14286
447,01978.HK,2018/05/30,8.00-10.40,8.0,8.0,1.0,1.3,1.1,978.1,0.55,0.4
448,08490.HK,2018/05/30,2.96-4.09,2.96,2.96,0.42,0.58,0.58,116.5,0.4,0.03448
449,01598.HK,2018/05/29,9.76-13.97,9.76,9.76,0.79,1.13,1.13,107.6,0.6,0.51327
451,08536.HK,2018/05/18,2.00-2.40,2.0,2.0,0.4,0.48,0.48,275.0,0.4,0.02083
452,08105.HK,2018/05/16,3.20-4.00,3.2,3.2,0.4,0.5,0.4,34.4,1.0,0.2125
453,08521.HK,2018/05/16,2.40-2.88,2.4,2.4,0.5,0.6,0.58,20.3,1.0,0.12069
454,01742.HK,2018/05/11,6.40-7.68,6.4,6.4,0.4,0.48,0.45,52.2,1.0,-0.1
455,01750.HK,2018/05/11,5.40-6.84,5.4,5.4,0.3,0.38,0.3,22.4,1.0,0.03333
456,01752.HK,2018/05/11,6.79-9.30,6.79,6.79,0.27,0.37,0.33,15.9,1.0,0.19696999999999998
457,02119.HK,2018/05/11,10.86-15.86,10.86,10.86,1.5,2.19,1.98,161.9,0.15,0.19696999999999998
459,08527.HK,2018/05/09,2.50-3.00,2.5,2.5,0.5,0.6,0.5,9.8,0.7,1.0
460,01833.HK,2018/05/04,542.19-584.88,542.19,542.19,50.8,54.8,54.8,653.0,0.6,0.0
461,08107.HK,2018/05/04,2.00-2.40,2.0,2.0,0.2,0.24,0.225,31.2,0.8,0.77778
462,01671.HK,2018/04/27,2.68-2.93,2.68,2.68,1.74,1.9,1.9,0.0,0.2,-0.05789
463,08151.HK,2018/04/23,2.02-2.18,2.02,2.02,0.48,0.52,0.48,320.6,0.6,0.0625
464,08511.HK,2018/04/20,2.20-3.40,2.2,2.2,0.55,0.85,0.65,69.1,0.5,-0.23846
465,01726.HK,2018/04/18,3.60-4.40,3.6,3.6,0.45,0.55,0.55,788.0,0.2,0.0
466,08241.HK,2018/04/16,1.73-1.94,1.73,1.73,0.48,0.54,0.54,675.6,0.1,0.33332999999999996
467,08447.HK,2018/04/16,2.30-2.70,2.3,2.3,0.23,0.27,0.27,25.9,0.604,0.01852
468,08451.HK,2018/04/16,2.00-2.40,2.0,2.0,0.25,0.3,0.275,83.7,0.618,0.03636
469,08507.HK,2018/04/16,2.00-2.40,2.0,2.0,0.5,0.6,0.58,18.9,1.0,-0.15517
471,08372.HK,2018/03/29,2.40-2.80,2.4,2.4,0.3,0.35,0.335,252.4,0.35100000000000003,0.19402999999999998
472,01716.HK,2018/03/28,2.70-3.24,2.7,2.7,1.0,1.2,1.2,0.0,0.008,4.316669999999999
473,02116.HK,2018/03/28,4.80-6.00,4.8,4.8,1.0,1.25,1.25,225.4,0.4,-0.024
474,08401.HK,2018/03/28,2.00-2.60,2.0,2.0,1.0,1.3,1.05,203.7,0.3,-0.15238
475,08448.HK,2018/03/28,1.80-2.16,1.8,1.8,0.2,0.24,0.23,306.6,0.3,-0.00435
477,02779.HK,2018/03/26,45.28-59.04,45.28,45.28,2.83,3.69,3.26,31.8,0.7,0.0
479,08168.HK,2018/03/22,2.00-3.20,2.0,2.0,0.2,0.32,0.24,94.9,1.0,0.125
481,02377.HK,2018/03/16,24.26-36.39,24.26,24.26,2.4,3.6,2.4,3.6,0.8,-0.008329999999999999
482,06036.HK,2018/03/16,4.00-5.80,4.0,4.0,0.4,0.58,0.5,258.1,0.302,0.8
483,01705.HK,2018/03/14,3.20-4.00,3.2,3.2,0.8,1.0,1.0,0.0,0.03,2.98
484,01737.HK,2018/03/14,3.00-5.00,3.0,3.0,0.3,0.5,0.48,79.0,0.38,0.10417
485,01815.HK,2018/03/13,24.02-34.56,24.02,24.02,2.28,3.28,2.38,4.6,0.7,0.0042
486,02182.HK,2018/03/08,4.03-4.65,4.03,4.03,0.65,0.75,0.71,577.7,0.301,0.028169999999999997
487,01621.HK,2018/03/05,3.00-5.00,3.0,3.0,0.3,0.5,0.35,46.2,0.35,0.1
488,01933.HK,2018/03/02,2.74-3.66,2.74,2.74,0.72,0.96,0.95,258.6,0.03,0.41053000000000006
489,08483.HK,2018/02/28,2.40-2.80,2.4,2.4,0.3,0.35,0.31,34.0,1.0,0.16129000000000002
490,08526.HK,2018/02/27,2.18-2.41,2.18,2.18,0.38,0.42,0.38,23.7,0.8,0.026319999999999996
491,08367.HK,2018/02/26,2.16-2.64,2.16,2.16,0.27,0.33,0.275,13.8,0.401,0.0
492,08532.HK,2018/02/23,2.00-2.80,2.0,2.0,0.25,0.35,0.28,24.3,0.7,0.4642899999999999
493,08040.HK,2018/02/14,2.00-2.80,2.0,2.0,0.625,0.875,0.75,30.9,0.5,0.02667
494,08379.HK,2018/02/14,2.16-2.80,2.16,2.16,0.27,0.35,0.35,92.7,0.4,0.028569999999999998
495,01183.HK,2018/02/13,12.00-15.00,12.0,12.0,1.0,1.25,1.25,160.8,0.6,0.096
496,01729.HK,2018/02/13,4.60-9.20,4.6,4.6,0.25,0.5,0.5,267.4,0.6,-0.15
497,08510.HK,2018/02/13,2.80-3.20,2.8,2.8,0.35,0.4,0.35,15.1,1.0,-0.057139999999999996
498,08522.HK,2018/02/13,2.23-2.98,2.23,2.23,0.6,0.8,0.8,34.4,0.601,0.0125
501,08473.HK,2018/02/12,2.46-3.02,2.46,2.46,0.22,0.27,0.27,136.5,0.5,0.03704
502,08523.HK,2018/02/12,1.60-2.00,1.6,1.6,0.4,0.5,0.5,3.3,0.6,-0.2
503,08535.HK,2018/02/12,2.04-2.76,2.04,2.04,0.17,0.23,0.17,33.8,0.2,-0.2
504,03319.HK,2018/02/09,144.00-189.33,144.0,144.0,10.8,14.2,12.3,19.1,1.0,-0.23089
505,06829.HK,2018/02/08,3.60-4.80,3.6,3.6,0.3,0.4,0.4,0.0,0.10099999999999999,0.0375
508,08450.HK,2018/02/02,2.00-2.40,2.0,2.0,0.2,0.24,0.22,333.9,0.4,0.15909
509,01711.HK,2018/01/29,3.04-4.96,3.04,3.04,0.38,0.62,0.56,0.0,0.1,1.8571400000000002
511,08456.HK,2018/01/26,2.48-3.12,2.48,2.48,0.62,0.78,0.7,18.6,0.165,0.17143
512,08136.HK,2018/01/25,2.00-4.00,2.0,2.0,0.2,0.4,0.25,14.0,0.28,1.0
513,08395.HK,2018/01/25,2.06-2.69,2.06,2.06,0.13,0.17,0.156,27.6,0.7,0.19230999999999998
515,02683.HK,2018/01/22,4.00-5.52,4.0,4.0,1.0,1.38,1.18,239.0,0.8,0.025419999999999998
516,01665.HK,2018/01/19,14.40-17.60,14.4,14.4,0.9,1.1,1.0,8.6,0.15,-0.02
517,08043.HK,2018/01/19,2.00-3.60,2.0,2.0,0.5,0.9,0.5,10.4,0.3,1.4
518,08513.HK,2018/01/19,2.40-2.80,2.4,2.4,0.6,0.7,0.65,17.5,0.75,0.046150000000000004
519,02139.HK,2018/01/18,66.39-70.46,66.39,66.39,2.61,2.77,2.69,0.6,1.0,0.07063
